IDNasabah,Usia,JenisPekerjaan,PendapatanBulanan_juta,PendapatanTahunan_juta,SkorKredit,LamaMenjadiNasabah_tahun,RataSaldoTabungan_juta,JumlahProdukDimiliki,TotalTransaksiBulanan,RasioUtangTerhadapPendapatan,LimitKredit_juta
NSB00001,59,Karyawan,22.53,269.54,721,4,49.76,6,29,0.295,95.31
NSB00002,29,PNS,15.33,184.94,594,1,32.61,3,19,0.371,46.87
NSB00003,23,PNS,6.56,78.73,624,1,5.45,2,26,0.41,14.96
NSB00004,50,Profesional,12.78,152.64,598,4,30.43,2,42,0.289,42.64
NSB00005,38,PNS,19.41,232.94,666,6,32.65,2,45,0.448,57.17
NSB00006,42,Karyawan,10.01,119.43,640,11,10.87,1,9,0.363,15.27
NSB00007,25,Profesional,11.21,134.04,717,12,31.79,4,35,0.232,63.03
NSB00008,38,PNS,4.34,52.11,577,0,8.68,1,32,0.393,6.17
NSB00009,50,PNS,6.72,79.81,653,2,14.32,1,28,0.13,28.13
NSB00010,37,Karyawan,4.01,48.25,612,15,11.15,1,20,0.289,18.98
NSB00011,58,Karyawan,28.38,340.87,644,6,69.2,6,50,0.108,124.4
NSB00012,56,Wiraswasta,13.41,161.44,649,6,44.45,3,27,0.315,44.47
NSB00013,52,PNS,15.28,183.05,555,5,37.49,4,43,0.407,42.43
NSB00014,61,Wiraswasta,9.44,113.46,572,1,17.37,2,47,0.373,12.88
NSB00015,53,Karyawan,4.91,58.68,675,7,12.99,2,47,0.074,30.3
NSB00016,29,Karyawan,11.49,137.36,587,1,26.91,3,16,0.333,29.26
NSB00017,59,Karyawan,7.53,90.39,546,2,30.19,3,35,0.366,7.57
NSB00018,50,Profesional,6.33,75.96,554,7,21.05,1,47,0.383,19.97
NSB00019,26,Profesional,10.79,129.46,655,10,42.88,1,9,0.368,39.97
NSB00020,35,Wiraswasta,11.1,133.91,605,5,32.42,1,31,0.383,29.14
NSB00021,29,Wiraswasta,9.55,114.47,629,3,31.84,3,52,0.164,44.49
NSB00022,64,Karyawan,7.01,84.26,471,4,9.36,1,39,0.297,3.0
NSB00023,54,Wiraswasta,6.28,75.46,624,19,19.77,1,42,0.24,35.17
NSB00024,62,Wiraswasta,10.52,126.31,585,3,35.15,1,30,0.296,21.74
NSB00025,34,Karyawan,19.8,237.97,679,0,31.76,2,42,0.327,55.36
NSB00026,49,Profesional,4.55,54.22,670,5,0.89,1,44,0.219,19.4
NSB00027,48,Karyawan,7.45,89.2,655,2,5.1,5,42,0.253,28.92
NSB00028,55,Karyawan,9.64,116.18,507,0,9.58,4,49,0.359,20.34
NSB00029,27,Karyawan,9.65,115.66,663,0,17.23,4,52,0.248,44.68
NSB00030,44,Karyawan,7.7,92.65,678,0,7.82,3,28,0.26,20.89
NSB00031,50,Wiraswasta,28.58,343.58,629,6,40.16,2,54,0.309,90.93
NSB00032,58,Karyawan,12.91,153.02,647,3,37.45,3,51,0.431,26.46
NSB00033,50,Profesional,6.28,74.96,633,0,11.57,3,40,0.269,20.09
NSB00034,41,PNS,4.0,47.87,603,7,10.82,2,32,0.148,23.95
NSB00035,42,Karyawan,9.59,114.76,623,0,34.49,1,40,0.209,17.11
NSB00036,36,PNS,22.63,271.05,601,1,24.14,2,58,0.316,62.51
NSB00037,28,PNS,11.59,138.83,659,10,3.36,3,45,0.134,48.4
NSB00038,34,Karyawan,4.0,47.84,601,1,8.92,4,38,0.219,10.69
NSB00039,28,PNS,5.12,61.27,628,2,0.8,3,25,0.217,25.05
NSB00040,31,Wiraswasta,11.18,133.1,735,4,34.3,4,41,0.494,30.79
NSB00041,59,PNS,18.27,220.92,609,11,49.86,3,54,0.379,64.67
NSB00042,45,Karyawan,11.28,136.1,733,16,11.77,1,30,0.222,45.7
NSB00043,26,PNS,11.33,136.42,652,9,29.18,1,31,0.21,39.54
NSB00044,40,Karyawan,18.32,219.75,635,0,57.08,2,45,0.178,69.48
NSB00045,33,PNS,20.15,240.9,531,3,49.81,2,24,0.309,59.51
NSB00046,51,Wiraswasta,7.38,89.41,690,8,25.94,2,21,0.295,19.12
NSB00047,58,Karyawan,13.17,157.43,560,0,17.06,2,37,0.159,35.64
NSB00048,22,Karyawan,6.37,76.87,577,6,23.03,3,50,0.335,21.69
NSB00049,42,Wiraswasta,5.99,71.96,595,0,16.56,1,25,0.408,9.07
NSB00050,41,Profesional,14.24,170.24,641,11,4.17,3,54,0.352,57.95
NSB00051,65,Karyawan,5.0,59.8,587,9,14.45,2,33,0.303,22.83
NSB00052,38,Karyawan,11.45,137.15,713,4,30.16,2,34,0.438,34.99
NSB00053,29,Karyawan,12.35,147.81,675,5,19.21,2,38,0.333,36.92
NSB00054,30,Wiraswasta,16.41,195.78,763,0,61.62,2,39,0.327,48.99
NSB00055,43,Karyawan,5.76,69.23,575,2,14.93,2,29,0.375,18.22
NSB00056,48,Karyawan,12.78,152.78,584,1,27.55,3,36,0.161,40.31
NSB00057,36,Profesional,9.82,118.19,744,6,32.57,2,23,0.452,41.36
NSB00058,41,Karyawan,22.71,272.29,574,0,55.87,3,59,0.318,75.7
NSB00059,51,Wiraswasta,7.13,85.6,635,2,23.08,1,24,0.294,8.77
NSB00060,35,Wiraswasta,5.89,70.7,624,10,16.09,4,26,0.371,23.01
NSB00061,64,Profesional,13.6,162.93,621,3,60.33,3,29,0.196,53.37
NSB00062,31,PNS,6.72,80.6,589,18,7.94,1,30,0.217,26.18
NSB00063,63,Karyawan,5.35,64.24,588,5,19.29,2,32,0.342,10.06
NSB00064,60,Profesional,16.83,203.8,789,16,28.15,3,38,0.352,76.3
NSB00065,64,Karyawan,13.12,156.61,647,4,22.4,2,21,0.169,52.73
NSB00066,57,Karyawan,4.0,47.86,724,11,4.08,1,29,0.284,23.85
NSB00067,45,Wiraswasta,6.5,77.87,578,0,0.97,3,22,0.211,17.32
NSB00068,48,PNS,5.89,70.31,625,2,18.09,3,37,0.26,21.28
NSB00069,31,Profesional,14.66,174.96,686,7,46.86,2,14,0.199,61.14
NSB00070,37,Karyawan,22.55,268.88,725,15,18.55,5,63,0.376,81.62
NSB00071,42,Profesional,30.58,366.81,657,2,90.5,5,63,0.321,119.58
NSB00072,63,Karyawan,15.14,181.26,697,21,33.36,2,32,0.199,67.07
NSB00073,56,PNS,5.93,71.19,678,2,20.92,4,29,0.341,22.54
NSB00074,46,Wiraswasta,5.82,69.43,630,0,9.04,1,20,0.299,3.0
NSB00075,48,Wiraswasta,6.39,76.39,561,15,13.7,1,33,0.295,15.79
NSB00076,41,Karyawan,13.52,162.8,597,1,6.9,4,39,0.158,37.4
NSB00077,40,Karyawan,20.25,243.68,583,1,26.82,1,53,0.188,67.42
NSB00078,61,Karyawan,4.0,47.69,518,1,3.07,2,23,0.273,3.53
NSB00079,22,Profesional,14.39,173.21,683,3,28.34,2,45,0.208,60.56
NSB00080,36,Karyawan,16.99,203.38,702,3,24.39,2,53,0.254,56.4
NSB00081,39,Karyawan,12.36,147.63,634,17,30.4,2,29,0.352,41.5
NSB00082,52,Karyawan,56.42,678.84,723,9,55.8,2,75,0.369,266.99
NSB00083,40,Wiraswasta,13.85,166.75,764,9,36.81,2,24,0.285,39.15
NSB00084,35,PNS,10.66,126.61,649,12,23.91,2,10,0.262,45.64
NSB00085,25,PNS,14.4,173.35,642,6,24.78,2,38,0.118,55.92
NSB00086,33,Karyawan,7.9,94.58,639,2,8.98,1,29,0.29,24.93
NSB00087,26,Karyawan,5.92,70.87,690,2,18.12,2,34,0.251,28.8
NSB00088,52,PNS,13.06,156.44,708,18,45.3,3,25,0.258,56.46
NSB00089,40,Profesional,19.1,230.1,713,5,35.84,4,47,0.357,65.81
NSB00090,32,Wiraswasta,9.28,111.88,581,5,25.15,2,15,0.168,20.9
NSB00091,45,Karyawan,16.97,203.84,694,4,61.88,4,37,0.365,58.17
NSB00092,43,PNS,8.62,103.72,649,12,25.42,3,47,0.196,40.15
NSB00093,42,Karyawan,24.49,296.26,627,7,86.46,2,28,0.154,96.95
NSB00094,47,Karyawan,11.72,140.57,667,4,48.22,1,38,0.207,47.15
NSB00095,49,PNS,13.84,165.33,795,9,34.69,2,21,0.188,60.24
NSB00096,30,Wiraswasta,15.62,187.75,674,10,59.15,2,40,0.286,55.94
NSB00097,28,Karyawan,5.19,62.43,710,14,2.42,1,14,0.476,9.48
NSB00098,54,Karyawan,9.54,114.36,615,3,21.9,3,21,0.462,26.08
NSB00099,64,PNS,27.31,327.33,612,14,60.95,3,29,0.267,109.45
NSB00100,46,Profesional,10.69,129.32,655,1,22.36,3,39,0.278,38.74
NSB00101,41,Wiraswasta,21.74,260.5,610,7,7.54,2,22,0.425,62.38
NSB00102,49,Karyawan,16.61,198.52,628,2,67.88,1,36,0.395,47.63
NSB00103,23,Wiraswasta,4.05,48.06,729,4,1.84,3,28,0.215,23.76
NSB00104,38,Profesional,15.15,182.32,556,8,10.04,1,11,0.351,44.73
NSB00105,37,Profesional,5.95,71.73,663,10,15.6,1,21,0.329,35.26
NSB00106,40,PNS,12.01,143.39,671,6,42.65,2,22,0.409,34.26
NSB00107,54,PNS,8.45,101.6,690,18,15.74,2,34,0.554,33.95
NSB00108,43,Karyawan,10.6,126.98,623,11,29.6,2,34,0.285,33.94
NSB00109,59,Karyawan,10.11,121.3,644,4,32.04,2,47,0.371,29.29
NSB00110,42,PNS,11.9,142.41,576,1,45.28,4,42,0.306,35.72
NSB00111,23,Karyawan,8.31,99.68,712,3,11.4,3,34,0.319,27.31
NSB00112,51,Karyawan,5.19,62.47,638,6,12.72,3,36,0.218,21.64
NSB00113,57,Wiraswasta,6.2,74.22,704,6,19.19,2,32,0.268,26.1
NSB00114,47,Karyawan,16.89,202.06,661,14,63.62,2,35,0.349,70.99
NSB00115,63,Profesional,25.71,307.17,733,11,58.79,4,56,0.216,120.04
NSB00116,40,Profesional,11.83,142.55,666,1,9.33,2,36,0.337,42.71
NSB00117,57,PNS,16.25,194.28,571,0,64.15,1,39,0.328,43.37
NSB00118,22,Profesional,17.43,209.61,753,10,65.37,3,27,0.28,78.81
NSB00119,23,Wiraswasta,5.15,61.47,766,2,4.46,1,24,0.503,3.0
NSB00120,56,PNS,4.0,47.57,674,2,6.72,1,33,0.396,6.85
NSB00121,60,PNS,10.21,122.2,569,7,12.56,2,38,0.378,19.21
NSB00122,44,Profesional,4.0,48.03,596,11,12.28,1,31,0.408,17.5
NSB00123,55,PNS,9.1,109.63,500,1,11.86,1,35,0.313,16.63
NSB00124,36,Wiraswasta,4.86,58.49,582,5,19.44,1,28,0.263,9.14
NSB00125,53,Profesional,7.58,91.05,747,11,13.4,2,41,0.358,39.85
NSB00126,43,Profesional,7.09,84.2,694,7,16.89,2,20,0.332,32.36
NSB00127,35,Wiraswasta,13.74,165.14,639,21,33.32,3,46,0.376,50.4
NSB00128,26,Karyawan,7.49,89.32,547,0,26.73,3,35,0.319,7.36
NSB00129,29,Wiraswasta,5.77,69.02,595,6,22.18,1,22,0.279,14.24
NSB00130,61,Karyawan,10.76,130.0,710,9,27.7,1,31,0.255,43.15
NSB00131,41,Karyawan,49.05,590.76,727,0,21.35,2,66,0.185,206.31
NSB00132,65,PNS,13.55,161.85,714,1,27.31,2,21,0.185,54.18
NSB00133,37,Karyawan,4.0,47.92,634,20,12.39,1,14,0.423,13.24
NSB00134,24,Profesional,11.0,132.37,648,6,23.04,3,45,0.305,45.46
NSB00135,33,Profesional,39.92,478.61,642,0,32.43,3,50,0.327,157.49
NSB00136,37,Karyawan,11.45,137.24,664,17,8.84,2,42,0.23,42.11
NSB00137,52,Karyawan,20.41,243.75,628,1,60.39,2,48,0.241,71.92
NSB00138,54,Karyawan,18.68,224.57,626,1,11.59,1,41,0.348,53.69
NSB00139,54,Karyawan,19.45,233.95,676,1,47.88,2,41,0.317,72.82
NSB00140,35,Wiraswasta,18.11,216.56,615,1,33.9,2,54,0.444,41.88
NSB00141,38,Profesional,12.15,144.58,627,3,8.58,2,39,0.076,49.02
NSB00142,46,Karyawan,9.53,115.15,590,6,33.57,2,45,0.312,22.1
NSB00143,48,Karyawan,9.07,108.5,704,6,23.27,2,41,0.331,29.46
NSB00144,40,Karyawan,11.16,134.1,722,1,38.07,1,28,0.247,39.5
NSB00145,30,PNS,13.09,156.5,735,0,33.41,1,29,0.361,40.81
NSB00146,56,Karyawan,5.4,64.59,666,3,16.28,1,24,0.261,3.0
NSB00147,44,PNS,9.06,109.11,618,0,27.75,2,37,0.301,15.5
NSB00148,64,PNS,10.27,123.05,634,21,10.84,1,18,0.474,48.53
NSB00149,63,Karyawan,11.09,133.45,590,8,24.19,2,15,0.189,44.45
NSB00150,61,Karyawan,8.93,107.47,633,6,26.37,2,30,0.345,27.99
NSB00151,64,Karyawan,15.95,190.96,569,1,47.91,3,24,0.245,51.66
NSB00152,49,PNS,9.93,119.27,682,6,7.69,3,27,0.175,36.81
NSB00153,35,Wiraswasta,8.63,103.85,645,4,26.72,2,34,0.34,24.3
NSB00154,29,Profesional,5.51,66.43,542,1,18.51,2,32,0.065,19.56
NSB00155,26,Wiraswasta,7.0,83.89,646,14,15.3,1,42,0.334,18.13
NSB00156,63,Karyawan,11.82,141.81,681,3,36.02,1,18,0.145,47.03
NSB00157,33,Karyawan,11.16,133.39,691,1,8.21,3,18,0.284,31.21
NSB00158,23,Karyawan,4.0,48.14,676,18,4.09,2,35,0.219,38.73
NSB00159,23,Wiraswasta,16.96,203.55,689,6,56.02,4,28,0.381,50.25
NSB00160,35,Profesional,7.28,86.88,638,1,11.55,1,32,0.306,19.87
NSB00161,65,Wiraswasta,6.56,78.59,597,2,11.64,2,10,0.331,4.34
NSB00162,34,Profesional,18.72,224.49,697,16,11.18,3,31,0.151,89.9
NSB00163,26,Karyawan,19.2,229.81,648,0,46.35,3,49,0.411,58.41
NSB00164,51,Karyawan,7.24,86.61,589,1,20.91,2,13,0.222,28.0
NSB00165,24,Wiraswasta,8.72,103.94,661,9,26.94,1,26,0.423,13.41
NSB00166,43,Karyawan,5.55,66.61,613,0,6.9,2,32,0.194,16.61
NSB00167,25,Wiraswasta,16.01,191.76,662,2,32.11,4,28,0.405,42.37
NSB00168,26,Profesional,16.78,202.05,637,0,10.64,3,44,0.38,46.64
NSB00169,37,PNS,8.35,100.14,655,12,28.39,2,41,0.406,36.62
NSB00170,22,PNS,21.62,260.26,565,6,43.72,4,45,0.194,76.23
NSB00171,59,PNS,16.91,201.91,772,2,17.53,1,32,0.255,58.83
NSB00172,48,Wiraswasta,9.83,118.11,671,3,30.78,1,41,0.298,29.83
NSB00173,63,Karyawan,15.26,183.62,661,1,48.02,2,21,0.362,51.29
NSB00174,43,PNS,4.44,53.43,715,2,15.43,1,31,0.487,3.0
NSB00175,46,Karyawan,9.15,109.66,685,3,33.25,1,27,0.277,26.87
NSB00176,48,Wiraswasta,11.95,142.87,683,10,9.13,2,39,0.293,34.9
NSB00177,42,Karyawan,10.43,125.97,669,3,35.38,2,31,0.26,34.47
NSB00178,46,Wiraswasta,30.45,365.06,768,4,26.37,5,45,0.413,110.04
NSB00179,47,Wiraswasta,12.32,147.11,664,7,31.05,1,35,0.232,37.93
NSB00180,61,Wiraswasta,12.69,152.13,597,14,37.17,2,38,0.223,51.81
NSB00181,35,Karyawan,5.26,63.19,576,15,18.03,3,24,0.366,29.43
NSB00182,62,Wiraswasta,9.51,113.78,716,6,14.33,1,11,0.267,23.7
NSB00183,29,Karyawan,6.98,83.89,613,2,30.7,2,32,0.481,12.87
NSB00184,30,PNS,35.56,428.19,719,5,29.24,3,58,0.304,145.09
NSB00185,33,PNS,8.45,101.37,643,9,23.49,1,9,0.088,31.16
NSB00186,63,Karyawan,11.16,134.44,665,5,10.01,2,20,0.253,27.12
NSB00187,32,Wiraswasta,19.73,236.62,615,6,13.66,3,17,0.124,60.14
NSB00188,56,Karyawan,14.75,176.65,662,1,10.1,4,44,0.278,45.54
NSB00189,47,Karyawan,5.03,60.73,519,10,11.89,1,26,0.259,7.08
NSB00190,50,Karyawan,14.61,175.74,666,16,1.45,3,32,0.268,51.43
NSB00191,25,Karyawan,15.17,182.1,569,3,41.75,1,40,0.137,52.0
NSB00192,51,Karyawan,9.54,113.65,629,2,28.29,1,51,0.34,21.59
NSB00193,25,Karyawan,13.35,159.3,638,1,31.57,2,28,0.182,40.34
NSB00194,46,Karyawan,11.07,131.95,617,0,13.95,2,21,0.494,23.36
NSB00195,56,Karyawan,5.1,61.18,621,0,9.42,1,37,0.435,3.0
NSB00196,62,Karyawan,7.82,93.82,525,1,11.12,1,6,0.151,17.22
NSB00197,65,Wiraswasta,10.6,127.4,580,5,44.49,1,4,0.319,31.11
NSB00198,32,Profesional,7.73,93.13,612,2,14.32,2,39,0.272,22.92
NSB00199,55,Profesional,13.88,165.53,666,5,38.21,1,30,0.372,52.82
NSB00200,48,Profesional,17.66,210.76,652,0,17.19,4,29,0.296,49.3
NSB00201,54,PNS,12.09,144.54,608,25,11.38,3,30,0.323,58.73
NSB00202,57,Karyawan,8.64,103.86,691,0,17.55,1,27,0.188,23.84
NSB00203,42,Profesional,21.3,255.87,675,12,59.09,2,38,0.154,94.59
NSB00204,27,Karyawan,11.26,134.55,731,6,14.17,1,34,0.114,51.3
NSB00205,56,Profesional,12.6,150.76,667,1,52.44,1,25,0.382,45.83
NSB00206,49,Profesional,7.05,84.72,682,1,28.7,2,9,0.333,25.51
NSB00207,27,Karyawan,9.36,112.34,674,8,6.4,1,11,0.344,28.03
NSB00208,39,Wiraswasta,17.62,212.27,621,3,62.3,2,49,0.279,54.75
NSB00209,28,Profesional,15.44,184.66,636,6,17.87,2,28,0.309,46.31
NSB00210,55,PNS,9.51,114.05,683,5,15.7,2,24,0.21,44.5
NSB00211,36,Wiraswasta,10.53,125.85,642,13,28.61,2,3,0.343,23.87
NSB00212,24,Karyawan,11.63,140.18,527,2,17.57,2,17,0.191,30.71
NSB00213,34,PNS,6.43,77.47,635,7,17.77,2,29,0.258,30.45
NSB00214,48,Karyawan,9.52,114.45,634,0,23.76,2,24,0.273,22.44
NSB00215,48,Profesional,8.04,96.84,660,6,28.49,4,37,0.244,42.01
NSB00216,59,Karyawan,5.1,61.53,683,11,11.17,1,29,0.207,24.49
NSB00217,37,Karyawan,11.35,136.98,740,2,42.27,2,27,0.321,38.34
NSB00218,49,Profesional,9.73,117.54,539,0,33.27,1,56,0.301,26.48
NSB00219,63,PNS,4.9,58.63,720,4,12.32,2,22,0.29,27.07
NSB00220,36,Karyawan,6.94,83.01,658,1,26.17,1,33,0.3,28.37
NSB00221,23,Karyawan,10.02,120.85,645,8,23.24,2,35,0.311,26.87
NSB00222,50,Karyawan,4.0,47.92,559,8,2.63,4,52,0.257,19.55
NSB00223,48,Karyawan,11.54,137.5,640,4,12.6,2,29,0.105,46.9
NSB00224,36,Karyawan,12.05,144.33,658,0,25.67,2,26,0.322,29.58
NSB00225,46,Karyawan,14.69,176.99,634,2,17.55,2,29,0.108,55.75
NSB00226,51,PNS,7.69,92.11,612,7,10.95,1,31,0.359,3.0
NSB00227,58,Karyawan,5.0,60.18,584,2,1.0,3,37,0.316,16.85
NSB00228,27,Profesional,14.54,174.69,607,7,37.69,2,27,0.196,56.4
NSB00229,42,Karyawan,5.13,61.23,652,2,14.15,3,33,0.214,19.44
NSB00230,34,Karyawan,13.89,166.98,663,1,43.67,2,17,0.259,44.11
NSB00231,36,Profesional,7.38,88.56,671,1,11.53,2,46,0.378,28.93
NSB00232,23,PNS,6.19,74.12,573,1,6.68,1,38,0.391,5.58
NSB00233,40,Wiraswasta,12.22,145.8,702,1,3.46,2,42,0.467,15.87
NSB00234,25,Karyawan,18.79,226.92,778,1,65.55,2,37,0.367,56.52
NSB00235,62,Profesional,9.66,115.5,631,2,29.96,1,21,0.204,32.37
NSB00236,46,Karyawan,9.23,109.86,706,8,26.04,1,33,0.204,35.42
NSB00237,40,Wiraswasta,4.36,52.49,543,2,5.1,3,22,0.487,3.0
NSB00238,32,Karyawan,16.15,193.45,803,13,24.85,2,20,0.435,61.11
NSB00239,63,PNS,10.89,131.3,708,17,34.69,4,44,0.321,50.77
NSB00240,44,Karyawan,9.1,109.15,690,1,9.79,1,30,0.45,17.06
NSB00241,65,PNS,20.7,248.38,661,1,32.58,2,56,0.18,67.35
NSB00242,51,Karyawan,4.64,55.81,544,7,7.96,2,18,0.475,3.82
NSB00243,65,Karyawan,8.07,96.88,692,16,17.94,4,46,0.348,37.48
NSB00244,60,Karyawan,10.51,126.18,651,10,8.89,1,22,0.343,31.7
NSB00245,54,Profesional,8.99,108.34,711,14,29.03,2,31,0.265,48.54
NSB00246,37,Wiraswasta,4.0,47.83,568,2,17.55,1,29,0.143,15.1
NSB00247,56,Wiraswasta,12.57,151.17,513,18,46.87,2,35,0.333,40.47
NSB00248,36,Karyawan,10.32,123.98,674,19,26.02,1,20,0.506,37.46
NSB00249,59,Profesional,17.74,211.51,692,25,14.77,2,47,0.272,80.92
NSB00250,35,PNS,30.29,365.09,704,1,121.52,3,39,0.234,128.79
NSB00251,25,Wiraswasta,9.51,114.47,581,3,30.22,1,43,0.268,25.82
NSB00252,27,PNS,12.81,154.66,635,10,46.02,2,12,0.306,56.76
NSB00253,41,Karyawan,11.96,143.27,607,1,29.84,2,44,0.197,36.61
NSB00254,51,PNS,11.45,136.8,604,7,0.1,3,28,0.361,35.89
NSB00255,34,PNS,9.76,118.56,672,7,41.63,4,32,0.224,43.85
NSB00256,58,Karyawan,12.82,153.21,617,2,8.55,4,20,0.424,24.44
NSB00257,33,Wiraswasta,18.85,225.48,614,1,12.46,4,43,0.153,58.73
NSB00258,42,Profesional,6.74,81.06,618,14,15.09,1,28,0.39,30.98
NSB00259,36,Karyawan,28.18,337.57,643,1,44.95,3,57,0.229,106.48
NSB00260,46,Profesional,13.64,163.95,712,0,33.12,3,49,0.316,49.8
NSB00261,30,PNS,12.27,146.46,624,4,26.73,1,29,0.328,35.78
NSB00262,64,PNS,4.0,47.67,626,18,13.35,1,24,0.293,21.73
NSB00263,62,Profesional,10.43,124.89,657,10,41.03,1,33,0.261,54.92
NSB00264,52,PNS,6.31,75.92,693,12,23.5,2,32,0.416,22.66
NSB00265,45,PNS,14.14,169.66,668,13,51.25,2,50,0.213,61.54
NSB00266,54,Wiraswasta,17.23,207.75,670,4,72.34,3,43,0.418,57.81
NSB00267,42,Profesional,19.07,228.6,673,0,43.4,4,36,0.069,77.52
NSB00268,61,Karyawan,9.62,115.53,664,1,17.34,2,38,0.322,28.67
NSB00269,24,Karyawan,10.09,120.64,678,15,4.78,1,9,0.157,33.95
NSB00270,31,Karyawan,13.16,157.0,554,1,12.04,2,21,0.294,29.25
NSB00271,42,PNS,4.0,47.77,635,11,13.51,1,21,0.159,29.91
NSB00272,50,Karyawan,8.37,100.12,617,12,29.37,1,26,0.192,18.12
NSB00273,53,Profesional,7.91,95.66,668,4,22.34,2,44,0.201,26.6
NSB00274,53,Karyawan,13.75,164.15,719,7,33.61,1,33,0.239,51.23
NSB00275,63,Wiraswasta,8.27,98.89,599,1,32.48,2,28,0.093,17.59
NSB00276,59,Karyawan,15.44,186.29,672,0,42.09,3,47,0.32,44.15
NSB00277,62,Karyawan,9.49,113.58,649,3,21.37,1,35,0.261,33.16
NSB00278,37,Karyawan,16.36,196.78,621,0,55.61,3,47,0.258,43.36
NSB00279,52,PNS,33.23,395.13,747,1,108.11,5,71,0.324,144.3
NSB00280,52,Karyawan,23.57,281.74,628,2,88.95,2,51,0.19,87.71
NSB00281,48,PNS,17.16,206.34,603,2,58.39,2,37,0.309,54.48
NSB00282,48,Karyawan,19.02,226.69,648,19,32.25,2,33,0.321,60.5
NSB00283,45,Karyawan,8.67,104.11,703,9,35.28,1,13,0.401,32.38
NSB00284,40,Karyawan,7.02,84.25,574,0,17.7,2,37,0.385,3.08
NSB00285,28,Karyawan,6.75,80.82,608,12,3.15,1,27,0.27,21.1
NSB00286,26,Wiraswasta,11.61,139.17,688,2,34.31,2,43,0.336,39.0
NSB00287,22,Profesional,22.56,271.48,698,11,43.47,4,46,0.326,85.75
NSB00288,37,Wiraswasta,7.18,86.14,615,3,17.85,4,40,0.314,15.8
NSB00289,38,Wiraswasta,13.38,161.19,580,0,40.74,4,42,0.103,36.88
NSB00290,64,Wiraswasta,5.48,65.96,660,12,13.05,1,9,0.201,15.79
NSB00291,32,Karyawan,5.57,67.25,559,2,9.63,1,21,0.319,7.12
NSB00292,31,Karyawan,16.38,196.22,659,5,19.46,1,11,0.232,54.09
NSB00293,23,Wiraswasta,7.34,88.14,623,0,21.44,2,30,0.238,16.06
NSB00294,27,Karyawan,7.23,86.39,617,2,20.84,2,63,0.227,20.25
NSB00295,50,Profesional,29.29,352.34,675,2,14.71,3,62,0.221,108.89
NSB00296,38,PNS,10.87,130.07,664,3,13.78,1,45,0.309,35.57
NSB00297,49,Karyawan,10.25,123.3,525,1,31.83,3,32,0.442,13.82
NSB00298,26,Karyawan,9.31,111.59,564,1,34.97,2,22,0.357,26.94
NSB00299,55,PNS,13.01,156.01,672,2,38.41,2,30,0.407,31.58
NSB00300,33,PNS,7.26,87.2,612,2,21.44,2,37,0.182,23.15
NSB00301,24,Profesional,10.8,129.21,671,1,20.39,2,21,0.489,33.22
NSB00302,62,PNS,18.45,220.8,739,3,22.4,3,68,0.362,61.48
NSB00303,37,Wiraswasta,8.88,106.29,721,6,12.96,3,28,0.188,35.48
NSB00304,36,Karyawan,4.0,47.89,668,2,6.36,1,21,0.265,4.66
NSB00305,24,Karyawan,7.46,89.74,633,4,25.83,3,46,0.393,23.88
NSB00306,47,Karyawan,15.63,187.26,711,5,31.08,4,47,0.245,64.61
NSB00307,34,PNS,18.78,224.83,638,11,50.15,3,51,0.203,74.74
NSB00308,32,Profesional,12.67,152.53,682,15,43.23,1,7,0.177,67.2
NSB00309,51,Wiraswasta,22.03,265.08,649,6,42.31,3,41,0.285,72.57
NSB00310,51,Karyawan,6.11,73.27,632,15,9.8,1,24,0.408,12.83
NSB00311,28,Karyawan,20.39,247.07,616,5,65.79,1,37,0.281,67.12
NSB00312,27,PNS,11.69,139.69,650,1,44.22,2,52,0.262,41.51
NSB00313,32,Karyawan,14.9,179.94,559,4,22.91,1,25,0.413,35.7
NSB00314,56,Karyawan,4.0,48.05,509,2,4.31,1,27,0.289,3.05
NSB00315,33,Karyawan,16.68,200.95,754,22,43.21,4,62,0.325,77.12
NSB00316,40,Wiraswasta,11.84,141.9,646,0,13.86,3,13,0.252,36.62
NSB00317,27,Karyawan,28.28,340.92,702,0,46.87,5,40,0.114,116.08
NSB00318,30,Karyawan,11.56,138.16,620,1,41.35,2,29,0.341,26.81
NSB00319,51,Profesional,6.32,76.08,639,0,11.77,2,19,0.227,20.27
NSB00320,55,PNS,6.91,83.0,599,4,17.1,1,13,0.428,16.08
NSB00321,60,Karyawan,12.95,155.95,607,3,11.87,4,43,0.181,35.99
NSB00322,46,PNS,12.31,147.43,588,8,48.04,1,46,0.169,44.8
NSB00323,34,Karyawan,7.54,90.63,728,5,29.04,1,13,0.4,20.9
NSB00324,41,Profesional,6.02,72.01,560,0,15.18,3,44,0.36,11.62
NSB00325,28,PNS,23.07,276.43,753,7,91.31,1,28,0.243,102.29
NSB00326,32,Karyawan,9.26,111.0,562,3,31.91,1,22,0.23,26.78
NSB00327,43,Karyawan,10.12,121.14,577,2,24.36,1,40,0.224,22.86
NSB00328,56,Karyawan,7.95,95.21,698,5,25.9,1,34,0.366,15.59
NSB00329,33,Karyawan,21.7,259.11,681,2,76.98,3,44,0.34,71.38
NSB00330,38,Profesional,18.73,224.63,666,2,65.54,4,44,0.415,69.99
NSB00331,23,Wiraswasta,6.16,74.34,565,1,21.38,3,31,0.289,10.02
NSB00332,23,Karyawan,10.08,122.33,694,7,23.17,6,30,0.27,43.74
NSB00333,46,PNS,6.49,77.62,626,20,15.23,1,39,0.215,36.57
NSB00334,64,Karyawan,27.5,328.98,690,6,58.7,3,55,0.236,98.2
NSB00335,47,Wiraswasta,13.2,158.6,596,3,32.2,2,14,0.327,34.77
NSB00336,23,PNS,9.06,108.93,715,4,19.74,3,45,0.195,42.25
NSB00337,47,Karyawan,8.8,105.05,640,0,7.41,3,19,0.191,31.23
NSB00338,27,Karyawan,13.92,165.49,704,1,2.93,5,51,0.324,39.25
NSB00339,52,PNS,9.23,110.87,646,12,20.9,4,22,0.277,39.59
NSB00340,42,Wiraswasta,23.39,282.17,614,2,61.16,3,67,0.262,79.39
NSB00341,37,Karyawan,6.48,78.2,548,3,19.61,2,42,0.244,19.97
NSB00342,31,PNS,5.52,66.24,664,13,15.68,1,36,0.207,30.65
NSB00343,29,Karyawan,21.83,263.41,724,5,34.38,2,48,0.26,79.89
NSB00344,36,Karyawan,8.4,100.73,646,0,25.34,2,16,0.259,20.98
NSB00345,41,Karyawan,21.94,261.8,617,4,21.85,3,32,0.402,60.99
NSB00346,46,PNS,16.57,198.73,627,6,17.28,3,55,0.364,47.96
NSB00347,52,Karyawan,5.17,62.29,589,1,14.86,4,39,0.222,20.36
NSB00348,64,Karyawan,7.64,91.72,626,4,31.76,3,38,0.215,21.9
NSB00349,23,Wiraswasta,10.76,128.82,663,1,23.86,1,20,0.324,16.39
NSB00350,63,Karyawan,9.35,112.22,665,13,4.55,2,25,0.29,35.54
NSB00351,46,Wiraswasta,12.27,147.43,706,14,50.1,4,35,0.425,45.08
NSB00352,25,Karyawan,7.63,91.61,658,6,16.98,3,38,0.193,14.65
NSB00353,60,PNS,10.03,120.5,589,8,12.78,2,45,0.334,26.99
NSB00354,59,PNS,17.65,212.11,662,7,55.05,3,63,0.174,70.33
NSB00355,34,PNS,20.97,252.71,593,2,65.47,3,43,0.364,71.8
NSB00356,29,PNS,6.95,83.44,664,15,3.12,1,29,0.322,27.83
NSB00357,35,Karyawan,9.29,111.41,649,2,23.04,2,23,0.38,24.09
NSB00358,57,Karyawan,9.82,118.01,607,10,29.29,2,8,0.297,32.78
NSB00359,62,Profesional,5.2,62.55,595,19,14.7,1,32,0.36,30.7
NSB00360,35,Wiraswasta,17.08,203.53,655,3,42.16,6,31,0.318,57.42
NSB00361,42,PNS,14.06,169.49,655,11,24.18,3,32,0.302,46.68
NSB00362,53,Wiraswasta,13.75,166.11,706,5,23.13,4,41,0.431,35.53
NSB00363,29,Wiraswasta,9.9,118.81,587,1,18.13,2,37,0.419,11.96
NSB00364,53,Wiraswasta,16.49,198.36,735,4,10.28,1,33,0.434,32.29
NSB00365,31,Karyawan,17.3,206.98,683,4,24.86,4,54,0.363,57.36
NSB00366,59,Karyawan,19.17,230.65,565,3,20.37,2,50,0.279,54.4
NSB00367,27,PNS,9.6,114.81,592,3,21.26,1,22,0.221,23.13
NSB00368,65,Karyawan,12.57,150.95,642,5,41.17,1,18,0.276,43.35
NSB00369,53,PNS,8.57,103.07,611,0,31.2,3,38,0.198,29.41
NSB00370,34,Karyawan,8.86,105.98,569,0,14.14,3,36,0.234,27.49
NSB00371,57,Wiraswasta,17.47,208.71,548,4,34.0,1,37,0.311,41.99
NSB00372,49,Wiraswasta,10.78,129.18,611,2,11.23,1,35,0.293,29.18
NSB00373,42,Karyawan,9.68,115.9,631,8,38.55,2,13,0.308,30.1
NSB00374,54,Karyawan,14.35,171.97,720,20,41.54,1,28,0.325,64.02
NSB00375,52,Wiraswasta,14.82,177.05,646,2,49.16,2,54,0.441,43.41
NSB00376,25,Karyawan,7.08,85.33,571,5,21.96,4,30,0.281,24.71
NSB00377,32,Wiraswasta,7.49,89.78,661,1,17.57,1,32,0.143,18.42
NSB00378,51,Karyawan,15.19,182.6,598,0,31.65,2,28,0.332,39.39
NSB00379,39,Karyawan,13.78,164.28,734,18,31.38,3,49,0.353,58.38
NSB00380,36,Karyawan,9.4,112.53,602,3,32.41,1,29,0.364,16.79
NSB00381,45,Profesional,19.53,235.85,612,1,55.32,1,26,0.542,59.02
NSB00382,29,Karyawan,9.96,119.1,623,1,11.8,2,50,0.164,25.01
NSB00383,65,Karyawan,4.0,48.05,650,0,9.3,2,3,0.221,14.18
NSB00384,46,Karyawan,6.93,83.85,673,15,1.87,2,19,0.326,33.15
NSB00385,22,Karyawan,4.87,58.44,566,9,6.13,1,34,0.356,15.09
NSB00386,42,Profesional,19.02,229.61,748,19,69.12,3,30,0.368,90.85
NSB00387,54,PNS,13.64,163.09,618,9,38.01,3,23,0.452,48.67
NSB00388,47,Karyawan,11.15,133.54,547,1,39.56,1,14,0.233,23.11
NSB00389,44,Karyawan,4.0,47.99,527,4,3.01,2,21,0.392,3.0
NSB00390,50,Karyawan,4.86,58.19,699,6,22.12,2,28,0.314,23.49
NSB00391,23,Karyawan,9.7,116.56,703,0,15.17,3,19,0.455,23.18
NSB00392,43,Profesional,4.15,49.44,600,7,7.21,2,31,0.247,22.12
NSB00393,39,Karyawan,17.11,204.44,639,7,74.87,4,48,0.296,62.68
NSB00394,61,Karyawan,9.94,119.9,617,0,7.82,6,50,0.269,28.19
NSB00395,47,Karyawan,9.73,116.81,590,13,7.8,1,16,0.244,37.97
NSB00396,29,Karyawan,10.15,122.03,631,1,10.37,3,39,0.435,23.21
NSB00397,59,PNS,6.4,77.31,673,10,19.98,2,18,0.353,35.71
NSB00398,34,Karyawan,6.1,72.69,595,2,16.9,2,27,0.423,6.15
NSB00399,65,Karyawan,4.0,47.43,648,9,14.04,2,29,0.444,13.82
NSB00400,37,Wiraswasta,10.61,128.22,599,0,28.7,1,48,0.291,25.96
NSB00401,59,PNS,12.95,154.54,682,0,52.83,4,52,0.384,43.97
NSB00402,56,Karyawan,9.27,111.27,592,8,32.31,1,36,0.414,19.18
NSB00403,53,Karyawan,9.05,107.89,595,1,22.79,2,47,0.388,11.55
NSB00404,50,Wiraswasta,6.43,76.37,694,1,21.07,1,16,0.452,10.77
NSB00405,22,Wiraswasta,11.95,143.35,649,5,44.17,3,28,0.364,33.65
NSB00406,31,Karyawan,4.0,48.09,779,13,3.12,1,24,0.128,29.67
NSB00407,60,PNS,5.9,70.56,655,1,14.98,1,37,0.435,12.05
NSB00408,54,Karyawan,7.45,88.48,685,2,19.23,2,36,0.086,29.42
NSB00409,42,Karyawan,8.05,96.71,652,0,2.45,1,30,0.388,17.83
NSB00410,55,PNS,11.74,141.94,585,1,21.95,1,47,0.439,19.16
NSB00411,50,Wiraswasta,9.49,113.08,709,13,3.69,1,34,0.185,36.9
NSB00412,55,Karyawan,11.37,136.84,574,2,26.83,4,40,0.175,40.93
NSB00413,45,Karyawan,20.04,240.72,553,1,10.05,4,42,0.351,58.38
NSB00414,25,Karyawan,21.4,254.87,718,18,71.58,1,48,0.39,92.7
NSB00415,39,PNS,14.68,176.85,693,3,21.36,1,22,0.33,38.44
NSB00416,31,Karyawan,20.07,240.99,708,0,25.97,4,53,0.183,63.61
NSB00417,59,Profesional,25.78,309.15,680,2,88.88,6,64,0.476,102.16
NSB00418,61,Wiraswasta,12.71,153.28,643,7,21.68,3,40,0.371,34.77
NSB00419,30,PNS,5.07,60.84,618,5,3.47,1,38,0.17,17.64
NSB00420,60,Karyawan,17.69,213.35,680,5,11.27,5,67,0.399,51.68
NSB00421,36,Karyawan,6.25,75.78,668,0,15.98,2,19,0.052,32.99
NSB00422,31,Karyawan,27.61,331.58,666,3,88.95,3,56,0.366,106.05
NSB00423,33,Wiraswasta,25.71,309.04,707,7,13.78,5,45,0.123,104.17
NSB00424,46,Profesional,8.01,95.89,701,7,29.71,2,34,0.365,35.9
NSB00425,32,Karyawan,5.92,71.47,687,3,11.31,1,22,0.346,24.4
NSB00426,33,Karyawan,7.33,87.52,682,1,17.73,1,21,0.435,12.19
NSB00427,52,Karyawan,10.14,121.43,669,1,3.99,5,38,0.336,37.85
NSB00428,40,Wiraswasta,20.41,244.86,745,3,61.63,1,44,0.268,62.46
NSB00429,52,Karyawan,5.52,66.19,572,3,17.93,2,30,0.185,16.89
NSB00430,22,Karyawan,16.59,198.51,741,5,19.79,3,39,0.212,59.22
NSB00431,26,Karyawan,4.0,48.17,612,0,7.08,2,41,0.409,3.0
NSB00432,34,Karyawan,19.71,236.23,591,12,57.49,1,49,0.327,76.08
NSB00433,37,Karyawan,10.15,120.75,630,1,34.94,1,31,0.369,25.75
NSB00434,33,Karyawan,11.63,140.21,647,2,30.64,2,17,0.339,33.44
NSB00435,39,Wiraswasta,9.92,119.86,547,0,23.41,5,14,0.2,29.69
NSB00436,62,PNS,17.06,204.26,645,3,19.92,4,40,0.328,56.75
NSB00437,42,PNS,12.72,153.47,505,0,13.55,3,44,0.264,39.44
NSB00438,47,Wiraswasta,25.22,301.99,747,1,25.23,1,29,0.116,94.66
NSB00439,56,Karyawan,4.16,49.72,603,3,6.95,2,41,0.392,5.12
NSB00440,29,PNS,6.55,78.31,631,6,18.33,2,19,0.256,26.32
NSB00441,28,Wiraswasta,5.21,62.93,678,5,14.3,2,43,0.276,17.14
NSB00442,40,Karyawan,15.23,183.76,640,3,53.85,3,53,0.372,50.42
NSB00443,49,PNS,4.36,52.47,549,3,2.76,1,34,0.286,8.03
NSB00444,43,Wiraswasta,37.12,443.64,571,1,81.33,3,48,0.295,139.2
NSB00445,27,Wiraswasta,11.0,132.42,670,4,41.13,2,50,0.478,29.82
NSB00446,50,Karyawan,19.79,236.45,711,9,27.42,3,41,0.34,74.47
NSB00447,62,Karyawan,6.34,76.27,589,0,13.58,1,24,0.407,8.29
NSB00448,45,Profesional,11.61,139.02,546,11,21.45,2,33,0.037,52.64
NSB00449,61,Karyawan,14.51,173.72,683,12,53.93,1,17,0.314,54.18
NSB00450,40,Karyawan,7.26,86.94,662,16,21.72,2,38,0.359,32.31
NSB00451,39,Wiraswasta,9.31,110.79,656,1,30.61,2,45,0.275,28.09
NSB00452,35,PNS,23.57,280.85,609,2,87.97,3,56,0.445,79.5
NSB00453,44,Karyawan,20.26,242.97,528,1,32.44,2,37,0.204,66.06
NSB00454,47,Karyawan,14.17,169.31,616,6,11.71,2,28,0.364,37.43
NSB00455,26,PNS,29.23,351.91,701,0,98.7,5,50,0.283,113.94
NSB00456,64,Wiraswasta,4.0,48.23,668,1,9.18,2,44,0.169,18.26
NSB00457,28,Karyawan,12.2,145.49,626,7,33.95,2,46,0.306,31.59
NSB00458,46,Karyawan,8.6,102.58,619,11,16.12,2,29,0.272,35.77
NSB00459,35,PNS,21.98,263.58,578,11,71.56,5,45,0.386,82.96
NSB00460,61,Karyawan,18.67,225.78,748,15,68.77,2,25,0.295,76.7
NSB00461,50,Karyawan,19.26,230.39,614,0,53.83,3,39,0.415,52.48
NSB00462,22,Karyawan,7.69,92.46,576,0,17.28,2,24,0.215,12.63
NSB00463,23,Karyawan,14.04,167.36,603,8,19.81,4,56,0.278,38.77
NSB00464,30,Karyawan,18.39,219.87,618,1,61.45,3,24,0.099,66.9
NSB00465,58,Karyawan,20.59,247.55,664,0,17.04,1,37,0.382,57.28
NSB00466,60,PNS,6.48,77.68,613,7,18.33,1,44,0.115,25.93
NSB00467,46,Karyawan,7.35,88.37,689,0,15.7,2,30,0.444,18.91
NSB00468,47,Karyawan,11.91,142.98,695,12,8.19,1,27,0.306,35.97
NSB00469,50,Karyawan,21.66,259.89,738,25,19.03,1,19,0.227,94.24
NSB00470,43,PNS,14.48,173.72,715,5,36.16,3,49,0.366,49.59
NSB00471,44,Karyawan,21.44,258.67,585,3,68.59,1,36,0.33,62.99
NSB00472,38,PNS,4.0,47.98,661,15,4.8,3,22,0.118,29.84
NSB00473,43,Karyawan,9.1,109.57,668,2,27.97,1,38,0.382,27.35
NSB00474,34,Wiraswasta,13.59,162.89,696,8,13.95,1,31,0.506,29.69
NSB00475,54,Wiraswasta,12.06,144.76,628,9,7.28,3,21,0.125,34.48
NSB00476,51,Karyawan,4.0,47.79,542,0,8.82,1,29,0.326,3.0
NSB00477,53,Wiraswasta,18.59,221.18,562,9,18.12,3,52,0.442,42.5
NSB00478,38,Wiraswasta,12.55,150.33,676,8,19.58,4,33,0.273,41.66
NSB00479,39,PNS,8.23,98.79,621,3,10.97,2,51,0.111,38.45
NSB00480,41,Wiraswasta,19.55,234.12,659,10,77.78,1,24,0.314,72.19
NSB00481,48,Wiraswasta,4.27,51.34,621,1,2.1,1,47,0.391,3.0
NSB00482,56,Profesional,8.04,96.16,634,7,5.34,1,23,0.217,30.69
NSB00483,22,Profesional,16.6,198.06,608,1,55.36,5,70,0.061,77.05
NSB00484,63,Profesional,12.75,152.07,685,6,10.24,1,33,0.111,55.74
NSB00485,59,Karyawan,9.33,112.23,560,5,15.72,1,26,0.164,32.59
NSB00486,65,PNS,9.68,115.75,564,2,3.22,1,18,0.396,10.42
NSB00487,34,Wiraswasta,9.29,111.46,562,5,31.36,2,26,0.23,27.78
NSB00488,43,Karyawan,16.46,196.36,647,11,29.69,2,21,0.273,63.73
NSB00489,46,Karyawan,8.95,107.0,655,1,7.24,2,24,0.346,14.71
NSB00490,28,Wiraswasta,14.92,178.98,588,0,48.02,1,47,0.095,46.04
NSB00491,37,Karyawan,4.0,48.2,616,0,19.03,2,19,0.274,8.76
NSB00492,23,Karyawan,19.87,237.36,724,11,37.4,2,54,0.259,72.74
NSB00493,27,Karyawan,37.32,445.12,799,9,35.37,3,55,0.305,151.28
NSB00494,43,Karyawan,13.6,163.15,680,2,19.87,1,33,0.29,35.23
NSB00495,35,PNS,10.02,120.28,611,6,22.31,1,30,0.241,29.5
NSB00496,25,Wiraswasta,7.94,95.09,552,6,24.26,2,22,0.246,21.1
NSB00497,58,Karyawan,15.09,181.91,505,4,42.77,3,50,0.3,45.52
NSB00498,27,Karyawan,7.48,89.12,655,24,5.95,1,22,0.226,38.72
NSB00499,32,Profesional,6.85,81.9,620,0,7.48,1,19,0.452,12.36
NSB00500,32,Karyawan,4.0,47.99,585,0,9.41,2,42,0.425,3.0
NSB00501,44,Profesional,11.9,142.25,740,3,34.88,2,28,0.357,49.66
NSB00502,65,Wiraswasta,9.01,108.23,557,3,31.0,3,21,0.278,22.67
NSB00503,23,Wiraswasta,9.27,111.21,592,2,17.01,2,26,0.28,17.22
NSB00504,29,Wiraswasta,10.47,125.47,517,7,42.57,2,40,0.392,9.37
NSB00505,36,Wiraswasta,7.26,87.93,753,25,28.38,2,25,0.314,46.78
NSB00506,26,Wiraswasta,11.56,138.12,590,0,44.53,2,36,0.218,26.43
NSB00507,22,Profesional,5.98,71.66,519,2,3.73,2,36,0.336,18.41
NSB00508,62,Wiraswasta,9.87,118.63,617,2,19.75,2,42,0.343,15.89
NSB00509,31,Wiraswasta,9.06,108.36,701,1,27.32,1,45,0.34,11.59
NSB00510,49,Karyawan,4.31,51.73,717,0,7.79,2,41,0.203,22.43
NSB00511,60,Karyawan,5.58,67.17,603,2,12.25,1,29,0.192,16.99
NSB00512,54,Karyawan,7.71,92.57,707,19,7.55,2,22,0.238,29.6
NSB00513,23,Karyawan,7.83,94.21,592,0,28.36,2,29,0.202,31.86
NSB00514,37,PNS,12.0,143.74,627,5,25.06,2,21,0.171,39.15
NSB00515,24,Karyawan,8.49,101.74,612,8,7.61,2,25,0.383,8.65
NSB00516,63,PNS,10.21,123.42,712,2,2.52,2,41,0.266,42.73
NSB00517,42,Karyawan,8.48,101.92,584,2,25.7,2,33,0.273,17.94
NSB00518,64,Karyawan,4.0,48.17,515,6,2.78,2,21,0.291,3.0
NSB00519,39,Karyawan,9.83,117.61,567,3,28.5,1,31,0.092,32.63
NSB00520,46,PNS,6.77,81.14,598,6,7.7,1,16,0.357,17.23
NSB00521,24,PNS,9.65,116.3,638,3,8.58,2,42,0.276,25.16
NSB00522,65,Wiraswasta,7.04,84.49,607,8,12.59,2,29,0.193,27.21
NSB00523,59,Profesional,14.75,176.07,649,3,23.42,2,56,0.261,51.61
NSB00524,44,PNS,10.24,122.4,656,8,17.07,3,23,0.385,43.6
NSB00525,32,Profesional,15.15,181.7,610,0,31.07,1,23,0.281,46.78
NSB00526,41,Profesional,15.74,190.01,671,1,40.61,1,28,0.439,42.67
NSB00527,41,Profesional,7.81,93.89,577,4,12.14,1,29,0.433,21.24
NSB00528,56,Wiraswasta,16.02,191.6,591,5,23.98,1,34,0.457,34.55
NSB00529,35,Karyawan,11.81,141.67,684,3,47.63,3,35,0.351,39.75
NSB00530,50,Wiraswasta,6.05,72.6,621,2,14.73,1,38,0.371,6.0
NSB00531,57,Profesional,9.87,117.61,473,4,5.89,1,35,0.123,37.49
NSB00532,30,Karyawan,11.01,132.07,603,2,17.62,2,18,0.256,34.44
NSB00533,56,Wiraswasta,20.29,243.07,704,11,30.14,2,40,0.399,65.27
NSB00534,44,Karyawan,8.75,104.91,722,8,27.53,2,14,0.348,33.09
NSB00535,30,Karyawan,23.73,283.66,690,2,12.5,2,62,0.081,79.68
NSB00536,22,Karyawan,15.65,188.03,664,5,56.01,1,25,0.274,46.47
NSB00537,60,PNS,4.0,47.91,676,4,4.99,4,38,0.245,18.71
NSB00538,60,Wiraswasta,6.12,73.19,688,7,8.77,2,24,0.331,17.35
NSB00539,24,Karyawan,14.23,171.98,691,0,26.67,1,27,0.248,38.87
NSB00540,45,PNS,4.92,58.94,547,0,14.55,1,6,0.263,9.08
NSB00541,26,Profesional,13.43,160.24,637,5,32.38,3,34,0.302,57.16
NSB00542,24,Karyawan,21.52,259.43,569,3,36.25,4,45,0.284,56.5
NSB00543,24,PNS,9.12,110.03,688,4,29.4,1,32,0.335,24.73
NSB00544,63,Profesional,21.8,260.52,624,6,64.95,3,58,0.182,86.24
NSB00545,44,Karyawan,20.87,249.94,592,2,42.12,2,57,0.312,60.09
NSB00546,65,Karyawan,10.18,122.04,731,4,28.1,2,60,0.332,35.11
NSB00547,55,Wiraswasta,10.31,123.49,561,0,36.87,1,9,0.188,26.0
NSB00548,54,Karyawan,11.52,137.44,606,2,34.17,3,60,0.289,35.63
NSB00549,26,Profesional,13.21,157.79,631,2,17.8,2,40,0.413,35.91
NSB00550,40,Karyawan,4.67,56.5,607,3,17.41,1,31,0.333,19.19
NSB00551,46,Karyawan,9.72,116.32,713,11,31.12,4,35,0.333,37.21
NSB00552,48,Karyawan,4.39,52.55,641,0,0.1,2,28,0.187,8.0
NSB00553,28,Karyawan,8.76,105.41,607,15,24.98,2,38,0.443,32.49
NSB00554,22,Profesional,9.35,111.95,682,7,29.16,3,39,0.197,46.22
NSB00555,48,PNS,4.08,48.81,597,2,10.84,3,20,0.3,9.58
NSB00556,26,PNS,5.44,64.99,585,2,6.68,3,23,0.238,19.09
NSB00557,63,Wiraswasta,8.52,102.43,663,5,3.01,1,18,0.276,20.53
NSB00558,36,PNS,32.25,387.19,692,2,93.75,5,52,0.428,120.72
NSB00559,62,Wiraswasta,5.1,61.46,637,7,9.73,2,15,0.376,9.95
NSB00560,40,Karyawan,11.19,134.01,574,0,31.74,2,23,0.352,27.84
NSB00561,40,Profesional,6.59,79.47,616,0,26.64,3,44,0.369,19.38
NSB00562,55,Karyawan,8.63,103.59,570,7,15.51,3,42,0.454,28.34
NSB00563,61,PNS,17.5,209.49,674,0,17.19,3,37,0.058,58.53
NSB00564,29,Wiraswasta,12.32,148.06,613,2,15.07,3,28,0.146,32.74
NSB00565,41,Karyawan,13.08,157.13,637,6,48.77,3,21,0.29,51.62
NSB00566,27,Karyawan,13.52,162.37,738,25,6.83,2,33,0.13,71.62
NSB00567,52,Karyawan,14.14,169.12,627,4,56.08,1,11,0.385,37.5
NSB00568,52,Karyawan,4.0,47.97,638,2,7.08,2,34,0.265,17.27
NSB00569,28,Wiraswasta,12.82,153.67,593,3,36.65,1,31,0.321,25.84
NSB00570,61,Karyawan,10.03,120.68,654,7,20.88,6,34,0.326,43.71
NSB00571,65,Karyawan,12.89,155.43,674,0,31.22,4,24,0.349,37.09
NSB00572,60,Karyawan,16.2,194.99,533,1,8.76,2,27,0.367,30.11
NSB00573,57,PNS,13.02,156.66,620,7,38.28,1,42,0.202,37.91
NSB00574,54,Wiraswasta,15.01,180.86,639,2,42.91,2,44,0.208,47.78
NSB00575,34,Karyawan,5.7,68.72,609,3,13.85,3,33,0.284,13.12
NSB00576,65,Wiraswasta,13.23,158.47,688,13,13.32,1,35,0.297,54.22
NSB00577,35,Karyawan,9.91,118.33,692,4,29.01,2,35,0.244,39.47
NSB00578,44,Profesional,10.02,120.28,625,1,15.9,2,39,0.169,35.53
NSB00579,52,PNS,20.62,248.86,682,6,54.48,2,25,0.139,77.92
NSB00580,56,PNS,8.13,97.04,639,1,13.87,4,38,0.308,35.33
NSB00581,36,Karyawan,7.41,88.55,685,6,18.44,2,27,0.541,21.95
NSB00582,40,PNS,5.3,63.6,664,5,7.31,2,32,0.427,16.88
NSB00583,42,Wiraswasta,8.99,107.61,704,2,14.88,2,25,0.296,19.2
NSB00584,37,Profesional,18.3,220.41,742,16,24.06,1,32,0.638,62.67
NSB00585,36,PNS,4.41,52.92,646,24,0.1,2,30,0.191,29.75
NSB00586,62,PNS,11.95,143.84,645,3,28.22,4,47,0.224,42.49
NSB00587,32,Wiraswasta,4.0,48.04,659,0,6.77,1,15,0.244,13.92
NSB00588,40,Karyawan,7.32,87.96,656,12,10.05,2,35,0.329,23.58
NSB00589,28,Karyawan,13.16,157.13,473,0,8.73,2,32,0.472,10.56
NSB00590,54,Profesional,7.92,94.77,718,2,26.27,2,20,0.204,32.37
NSB00591,57,Profesional,5.61,66.77,661,9,6.1,2,31,0.329,18.26
NSB00592,43,Karyawan,8.66,103.57,635,1,32.06,1,20,0.508,12.13
NSB00593,24,PNS,17.54,209.96,675,8,38.91,2,26,0.094,68.51
NSB00594,26,Wiraswasta,22.78,273.66,600,0,47.03,4,66,0.349,71.07
NSB00595,33,Wiraswasta,23.02,274.89,646,0,78.22,1,43,0.281,78.36
NSB00596,27,Karyawan,14.95,180.62,612,1,15.38,2,25,0.362,29.7
NSB00597,31,Karyawan,12.65,152.5,588,3,21.28,1,40,0.126,42.09
NSB00598,44,Profesional,17.51,209.21,651,3,25.44,2,41,0.439,64.61
NSB00599,47,PNS,5.75,68.47,641,3,11.12,2,33,0.238,19.54
NSB00600,53,Karyawan,6.33,75.45,678,2,25.87,2,30,0.358,21.3
NSB00601,63,Karyawan,20.52,246.48,716,20,69.29,6,39,0.32,98.49
NSB00602,54,Karyawan,16.37,195.42,627,1,17.18,2,21,0.244,44.99
NSB00603,42,PNS,16.53,198.08,697,11,38.87,1,34,0.403,49.21
NSB00604,36,Wiraswasta,11.77,141.52,684,1,36.06,2,17,0.139,38.68
NSB00605,60,PNS,6.83,82.07,709,14,18.37,1,21,0.089,33.62
NSB00606,22,PNS,5.98,71.95,638,13,17.09,2,9,0.221,33.99
NSB00607,54,Profesional,17.08,203.85,648,3,16.8,4,38,0.18,61.69
NSB00608,45,Karyawan,18.41,221.44,627,2,50.45,5,48,0.214,69.27
NSB00609,43,Profesional,5.86,70.5,732,1,5.09,2,25,0.36,19.64
NSB00610,30,Profesional,7.14,85.98,672,1,5.18,1,32,0.272,23.17
NSB00611,34,Karyawan,9.94,119.64,762,25,13.06,2,32,0.319,52.14
NSB00612,36,Wiraswasta,16.52,197.18,603,8,24.71,3,45,0.323,44.26
NSB00613,23,Karyawan,8.78,104.3,638,0,27.63,2,34,0.39,17.05
NSB00614,46,Wiraswasta,6.73,80.86,721,10,21.01,1,33,0.331,16.13
NSB00615,47,Karyawan,17.53,211.65,594,9,70.69,1,30,0.26,63.24
NSB00616,39,Wiraswasta,14.3,171.03,633,3,25.64,3,46,0.212,48.8
NSB00617,61,Karyawan,7.31,87.42,537,9,10.03,2,29,0.172,32.19
NSB00618,42,Karyawan,7.44,89.32,789,3,19.18,2,32,0.331,21.84
NSB00619,25,Wiraswasta,18.68,225.08,678,9,56.37,3,42,0.336,64.23
NSB00620,24,Wiraswasta,5.39,64.85,590,2,13.43,3,27,0.156,21.53
NSB00621,38,Karyawan,9.0,107.46,731,21,24.21,2,36,0.181,51.77
NSB00622,30,Profesional,13.25,158.69,612,2,31.38,1,14,0.405,40.51
NSB00623,59,Karyawan,11.42,136.7,663,1,46.45,2,21,0.247,41.5
NSB00624,59,PNS,17.0,204.42,619,3,11.96,3,22,0.322,51.22
NSB00625,64,Karyawan,4.31,51.86,676,1,14.58,2,34,0.214,16.22
NSB00626,44,Profesional,10.58,126.48,616,10,17.01,2,27,0.27,46.13
NSB00627,43,Profesional,12.26,146.61,643,3,33.79,2,38,0.123,48.82
NSB00628,60,Wiraswasta,12.47,149.78,604,11,41.07,3,56,0.454,32.1
NSB00629,49,Profesional,14.15,169.61,660,7,45.43,2,43,0.032,67.21
NSB00630,59,Karyawan,5.72,68.41,610,1,1.7,3,8,0.394,9.77
NSB00631,30,PNS,22.23,266.22,580,1,86.26,2,30,0.131,79.19
NSB00632,30,Wiraswasta,13.28,159.71,742,5,34.09,1,42,0.289,46.96
NSB00633,24,Karyawan,14.03,168.09,622,1,6.85,1,31,0.348,21.52
NSB00634,39,Wiraswasta,7.77,93.18,647,10,8.91,1,38,0.168,32.29
NSB00635,56,Karyawan,11.52,137.78,679,1,22.84,2,54,0.266,39.18
NSB00636,45,Wiraswasta,20.94,251.82,597,2,19.83,4,38,0.223,67.93
NSB00637,46,PNS,10.4,124.51,605,14,11.61,2,58,0.311,42.83
NSB00638,26,Karyawan,11.61,139.44,603,5,38.87,1,28,0.236,36.75
NSB00639,27,Wiraswasta,12.36,148.39,691,2,11.26,1,30,0.088,36.07
NSB00640,25,PNS,4.49,53.79,560,1,16.81,2,36,0.353,21.35
NSB00641,38,Wiraswasta,9.59,114.67,772,3,27.15,1,68,0.444,31.78
NSB00642,59,Karyawan,15.03,180.27,672,9,20.31,2,36,0.475,42.53
NSB00643,54,Wiraswasta,8.13,97.42,678,13,35.56,2,49,0.453,25.91
NSB00644,58,PNS,10.26,123.59,667,6,9.52,3,46,0.312,34.88
NSB00645,35,Karyawan,10.31,123.28,588,0,0.43,3,36,0.28,24.52
NSB00646,38,Wiraswasta,4.61,55.48,628,6,18.19,1,30,0.272,24.2
NSB00647,64,Profesional,15.93,192.05,673,24,27.27,1,24,0.406,70.6
NSB00648,53,Karyawan,5.19,62.43,650,14,18.13,1,22,0.232,23.9
NSB00649,52,PNS,13.06,157.16,657,14,35.01,2,19,0.146,57.19
NSB00650,44,PNS,9.78,117.22,718,6,27.22,1,38,0.199,40.07
NSB00651,26,Karyawan,8.78,105.53,688,19,14.35,3,22,0.318,37.09
NSB00652,54,PNS,10.86,130.54,625,0,16.0,2,32,0.33,25.17
NSB00653,38,Karyawan,15.52,185.01,634,3,34.73,1,16,0.396,41.79
NSB00654,35,Karyawan,16.01,191.84,597,1,40.3,3,30,0.242,47.25
NSB00655,53,Wiraswasta,8.38,100.06,571,1,23.57,3,15,0.281,10.17
NSB00656,42,Karyawan,9.63,114.69,634,8,22.68,2,31,0.371,36.1
NSB00657,29,Profesional,6.71,80.5,690,2,16.09,2,20,0.319,24.16
NSB00658,61,Profesional,4.9,58.9,639,0,17.68,1,22,0.294,21.17
NSB00659,39,Karyawan,17.19,205.71,654,17,25.35,3,54,0.256,63.79
NSB00660,57,Wiraswasta,5.93,71.3,613,14,6.09,1,40,0.372,19.89
NSB00661,39,Wiraswasta,7.15,85.99,600,0,28.21,2,11,0.068,24.11
NSB00662,35,PNS,12.77,153.29,696,4,35.72,2,17,0.326,41.3
NSB00663,57,Karyawan,5.2,62.27,673,2,18.86,1,31,0.427,11.61
NSB00664,60,Profesional,13.46,161.95,622,5,8.66,1,34,0.268,38.85
NSB00665,35,Karyawan,6.76,81.69,594,4,24.73,1,31,0.348,20.42
NSB00666,39,PNS,5.81,69.15,640,0,15.08,1,32,0.252,24.54
NSB00667,46,Karyawan,7.75,93.27,578,1,19.67,1,39,0.373,9.98
NSB00668,52,Profesional,6.74,80.5,613,4,16.66,2,34,0.284,22.37
NSB00669,44,Karyawan,11.85,142.68,719,2,20.13,1,35,0.341,36.97
NSB00670,53,Wiraswasta,21.92,264.08,611,0,38.44,5,50,0.29,76.02
NSB00671,58,Karyawan,14.89,178.39,650,4,32.72,4,30,0.372,44.14
NSB00672,39,PNS,13.35,159.92,627,0,22.92,4,42,0.383,41.07
NSB00673,59,Karyawan,7.61,91.31,669,1,25.07,1,33,0.273,27.32
NSB00674,58,Profesional,9.25,111.05,678,15,30.23,2,18,0.198,46.81
NSB00675,65,Profesional,11.0,131.89,558,4,5.93,1,50,0.205,27.87
NSB00676,42,PNS,10.08,121.51,594,10,9.0,1,40,0.125,41.95
NSB00677,59,Karyawan,11.19,133.44,657,1,41.05,1,10,0.233,42.26
NSB00678,64,PNS,5.55,66.47,639,10,3.67,3,35,0.299,20.14
NSB00679,63,Wiraswasta,25.91,311.73,627,0,84.98,2,40,0.237,93.55
NSB00680,63,Karyawan,5.14,61.61,553,5,15.26,1,42,0.433,4.79
NSB00681,39,Karyawan,9.52,114.13,640,2,30.74,1,40,0.244,31.59
NSB00682,61,Karyawan,15.78,189.13,620,4,33.13,1,44,0.295,52.22
NSB00683,41,Karyawan,6.96,83.84,659,2,9.6,1,29,0.37,12.2
NSB00684,61,Karyawan,17.7,212.99,660,2,37.0,1,42,0.281,44.33
NSB00685,57,PNS,4.92,58.73,579,6,12.57,2,39,0.375,9.74
NSB00686,28,Karyawan,6.96,83.14,546,0,6.69,1,11,0.457,3.0
NSB00687,27,PNS,4.0,47.92,620,14,2.94,2,28,0.349,23.83
NSB00688,50,PNS,17.5,209.88,664,3,28.44,2,36,0.192,57.22
NSB00689,32,Profesional,5.49,66.12,659,3,20.24,1,26,0.364,14.43
NSB00690,54,Karyawan,7.12,85.4,528,6,10.44,1,37,0.254,14.68
NSB00691,56,Profesional,15.18,183.12,714,3,9.54,3,34,0.174,65.18
NSB00692,45,Wiraswasta,12.18,147.25,702,21,43.54,3,22,0.421,45.77
NSB00693,56,PNS,17.7,211.66,618,0,66.83,3,27,0.314,61.1
NSB00694,45,Wiraswasta,14.24,171.0,531,3,42.44,2,43,0.213,32.51
NSB00695,47,Karyawan,16.16,194.72,606,10,11.4,2,23,0.361,60.49
NSB00696,30,Karyawan,7.92,95.13,685,2,16.96,1,21,0.3,11.68
NSB00697,47,Wiraswasta,9.72,116.8,635,4,37.11,2,36,0.208,34.03
NSB00698,29,Karyawan,14.91,178.6,656,7,45.81,1,23,0.349,48.91
NSB00699,49,Profesional,15.02,179.85,687,25,50.96,3,17,0.268,74.9
NSB00700,56,Wiraswasta,16.6,199.37,615,3,32.05,2,35,0.287,43.11
NSB00701,55,Profesional,6.82,82.17,605,3,23.09,2,31,0.494,16.44
NSB00702,28,PNS,5.74,68.59,681,7,2.15,3,16,0.323,23.25
NSB00703,56,Profesional,5.29,63.45,660,1,10.2,2,34,0.305,17.52
NSB00704,54,PNS,7.94,95.97,663,4,34.04,1,14,0.313,25.71
NSB00705,28,PNS,9.63,115.47,634,9,31.82,1,8,0.293,23.77
NSB00706,25,Karyawan,5.46,65.57,639,2,12.53,1,32,0.328,16.49
NSB00707,50,Wiraswasta,9.22,111.0,743,13,21.57,2,33,0.285,39.23
NSB00708,40,Karyawan,14.09,169.48,703,9,30.5,2,36,0.382,53.55
NSB00709,43,Karyawan,16.97,203.52,727,6,44.73,3,23,0.43,52.85
NSB00710,23,Karyawan,7.48,89.69,543,1,7.59,2,7,0.276,11.66
NSB00711,32,Karyawan,13.63,164.57,575,18,39.5,2,31,0.132,58.95
NSB00712,51,PNS,5.22,62.41,662,2,14.2,2,21,0.192,21.78
NSB00713,49,Karyawan,7.2,85.94,611,1,23.82,2,19,0.303,23.16
NSB00714,34,Karyawan,10.72,129.22,444,6,14.82,2,31,0.34,23.79
NSB00715,37,Profesional,7.25,87.44,699,14,14.82,2,37,0.18,43.3
NSB00716,42,PNS,6.77,80.93,685,3,21.02,2,17,0.385,20.29
NSB00717,36,Karyawan,11.66,140.42,643,0,40.28,2,33,0.207,38.79
NSB00718,34,Karyawan,6.06,72.83,633,4,14.44,1,23,0.059,33.59
NSB00719,35,Wiraswasta,10.75,128.96,545,2,34.7,2,56,0.271,24.81
NSB00720,44,PNS,9.59,115.14,704,8,21.73,1,22,0.33,33.26
NSB00721,46,Karyawan,13.21,159.71,809,14,32.95,1,20,0.18,60.74
NSB00722,50,Wiraswasta,15.01,180.68,783,3,7.96,6,48,0.151,59.3
NSB00723,32,Wiraswasta,10.87,130.77,632,2,31.38,1,59,0.259,36.16
NSB00724,29,PNS,7.83,94.17,638,4,15.87,2,18,0.214,32.74
NSB00725,35,Karyawan,17.12,204.99,679,0,22.58,1,25,0.38,41.4
NSB00726,56,Karyawan,11.23,134.61,588,9,17.53,1,27,0.35,20.0
NSB00727,58,Karyawan,6.41,76.89,591,2,21.46,2,16,0.34,26.53
NSB00728,56,Wiraswasta,11.08,132.52,663,0,26.96,1,38,0.16,27.86
NSB00729,39,Karyawan,7.37,88.64,668,12,27.74,1,16,0.173,36.16
NSB00730,63,Wiraswasta,4.0,48.23,587,2,5.8,2,28,0.192,9.1
NSB00731,47,Profesional,6.15,73.79,636,9,20.83,3,29,0.465,28.14
NSB00732,38,Karyawan,8.32,99.53,588,12,11.11,3,43,0.342,30.32
NSB00733,47,Profesional,7.98,95.47,597,0,26.88,1,41,0.263,23.43
NSB00734,60,Wiraswasta,4.55,54.96,673,0,9.6,3,34,0.288,18.57
NSB00735,41,PNS,8.44,101.06,608,8,25.68,1,18,0.189,29.01
NSB00736,26,Karyawan,12.64,150.97,593,2,30.5,3,39,0.277,45.03
NSB00737,35,PNS,5.6,66.81,599,3,11.88,1,20,0.371,15.26
NSB00738,65,Karyawan,11.57,138.6,559,0,46.84,2,35,0.301,37.62
NSB00739,42,Profesional,4.0,48.24,671,8,11.57,1,19,0.242,32.77
NSB00740,31,PNS,13.17,158.86,567,8,47.66,2,33,0.438,40.21
NSB00741,60,Karyawan,7.54,90.71,580,5,15.83,2,23,0.211,32.05
NSB00742,38,PNS,5.04,60.31,638,4,5.55,1,26,0.22,15.94
NSB00743,36,Profesional,18.01,216.87,545,6,50.62,4,66,0.191,77.53
NSB00744,26,PNS,12.89,154.59,721,3,18.98,2,51,0.485,32.87
NSB00745,63,Karyawan,16.57,199.36,709,0,31.1,3,37,0.299,56.69
NSB00746,58,Wiraswasta,11.88,143.83,631,1,10.6,3,39,0.183,38.75
NSB00747,39,Profesional,12.11,145.22,719,8,38.9,2,15,0.297,54.79
NSB00748,43,PNS,8.28,98.84,635,0,18.0,1,35,0.3,31.36
NSB00749,33,PNS,12.59,152.27,699,12,26.71,2,44,0.339,51.6
NSB00750,64,Karyawan,9.68,116.11,692,2,32.62,4,20,0.472,17.04
NSB00751,62,Wiraswasta,7.25,86.96,791,17,26.84,2,15,0.432,25.06
NSB00752,28,Karyawan,9.16,109.23,635,0,8.16,3,18,0.138,27.41
NSB00753,32,PNS,5.21,62.72,755,3,6.54,6,38,0.461,16.57
NSB00754,61,Karyawan,9.97,120.18,689,1,37.3,3,25,0.337,23.82
NSB00755,31,Profesional,12.69,152.48,719,0,35.03,1,37,0.449,36.77
NSB00756,37,Karyawan,10.78,129.96,650,7,33.43,1,33,0.411,30.74
NSB00757,57,Karyawan,13.56,162.51,660,2,31.35,2,19,0.246,43.84
NSB00758,32,PNS,8.6,103.79,759,4,7.96,2,20,0.313,37.25
NSB00759,59,Karyawan,10.27,123.66,625,11,32.61,1,25,0.427,30.19
NSB00760,50,Karyawan,10.25,123.91,574,5,25.44,2,28,0.274,28.07
NSB00761,30,Wiraswasta,27.43,327.06,832,15,79.31,1,52,0.229,111.28
NSB00762,23,Karyawan,5.15,61.51,523,7,13.83,2,34,0.411,7.96
NSB00763,29,PNS,28.71,345.86,715,0,46.55,1,63,0.25,101.05
NSB00764,45,Wiraswasta,6.93,83.31,595,5,22.44,1,3,0.308,14.36
NSB00765,64,Profesional,8.49,101.54,664,18,27.42,3,63,0.379,42.4
NSB00766,42,Karyawan,11.66,140.02,559,11,39.92,3,43,0.385,32.41
NSB00767,27,Wiraswasta,13.64,164.35,628,3,10.92,3,35,0.266,40.35
NSB00768,24,PNS,9.97,120.23,547,0,23.54,1,18,0.262,21.81
NSB00769,30,Wiraswasta,11.34,136.28,648,9,16.03,3,44,0.298,33.27
NSB00770,41,Wiraswasta,20.76,249.31,677,3,43.21,2,56,0.315,61.17
NSB00771,41,Karyawan,38.72,465.7,608,3,63.44,5,72,0.235,147.39
NSB00772,35,Wiraswasta,12.5,150.03,708,9,47.15,1,42,0.201,43.19
NSB00773,49,Karyawan,14.5,175.4,681,0,24.65,4,42,0.281,49.58
NSB00774,32,PNS,9.62,115.29,509,2,14.24,2,27,0.166,28.04
NSB00775,33,PNS,23.84,286.21,624,1,37.35,1,31,0.284,79.22
NSB00776,62,Profesional,9.55,114.56,613,12,9.37,2,11,0.155,52.59
NSB00777,45,Profesional,13.17,159.08,837,4,39.6,2,32,0.343,45.71
NSB00778,48,Karyawan,5.91,70.8,623,3,23.44,2,41,0.171,21.1
NSB00779,47,PNS,4.0,48.19,561,10,8.09,2,49,0.435,9.77
NSB00780,28,Karyawan,32.64,391.74,721,15,120.28,5,59,0.315,150.17
NSB00781,47,Karyawan,17.57,210.54,563,0,15.33,3,23,0.414,41.86
NSB00782,55,PNS,16.26,193.56,600,3,33.59,2,33,0.31,51.62
NSB00783,23,Karyawan,6.28,75.37,714,9,6.27,2,34,0.247,26.16
NSB00784,38,Wiraswasta,4.38,52.93,622,4,17.8,1,42,0.375,3.0
NSB00785,34,Wiraswasta,8.98,107.5,635,3,15.43,1,30,0.298,26.23
NSB00786,48,Karyawan,10.78,127.89,685,0,11.1,4,53,0.454,33.15
NSB00787,61,Karyawan,14.71,176.79,763,7,30.22,3,46,0.137,69.39
NSB00788,38,Karyawan,10.21,121.97,671,10,37.81,3,40,0.336,50.13
NSB00789,24,Karyawan,19.63,233.95,597,6,14.2,3,47,0.322,57.07
NSB00790,50,Wiraswasta,12.14,145.42,641,6,15.92,2,37,0.498,29.83
NSB00791,35,Karyawan,11.91,142.19,649,2,16.49,3,34,0.245,36.93
NSB00792,52,Profesional,18.47,222.62,666,12,16.71,3,42,0.247,73.26
NSB00793,28,Karyawan,7.2,86.49,657,1,9.4,3,27,0.333,33.99
NSB00794,34,Wiraswasta,12.38,148.96,588,1,18.12,5,51,0.432,18.65
NSB00795,39,PNS,7.63,91.35,730,3,34.17,1,11,0.379,26.48
NSB00796,58,Karyawan,7.18,86.14,654,3,21.08,2,20,0.375,20.74
NSB00797,46,Karyawan,22.12,264.89,579,8,50.85,1,48,0.149,84.13
NSB00798,49,Karyawan,17.83,214.21,638,0,59.67,1,25,0.299,58.78
NSB00799,53,Wiraswasta,13.39,159.25,706,12,30.79,2,39,0.218,46.36
NSB00800,48,Karyawan,19.93,239.14,705,13,40.11,2,35,0.161,84.14
NSB00801,60,PNS,12.33,148.57,715,0,45.06,3,22,0.388,40.91
NSB00802,31,Karyawan,20.4,246.47,618,11,72.95,3,43,0.234,90.5
NSB00803,50,Karyawan,6.58,79.22,542,5,15.64,2,44,0.262,22.25
NSB00804,33,PNS,9.44,113.35,675,2,9.61,2,28,0.238,34.65
NSB00805,46,Wiraswasta,12.4,147.79,620,6,30.49,3,45,0.435,30.22
NSB00806,39,PNS,6.07,72.88,593,0,2.67,3,41,0.425,12.83
NSB00807,62,Karyawan,7.21,85.84,700,12,26.74,1,11,0.388,24.04
NSB00808,23,Karyawan,5.38,64.33,560,1,10.58,1,34,0.51,3.0
NSB00809,46,Wiraswasta,14.44,173.13,570,5,42.83,1,26,0.45,38.86
NSB00810,24,Karyawan,8.03,96.25,553,0,18.92,1,38,0.481,3.0
NSB00811,38,Profesional,11.71,141.01,692,9,22.38,1,27,0.107,48.77
NSB00812,51,Karyawan,13.35,160.01,619,0,48.11,3,45,0.341,35.21
NSB00813,32,Profesional,9.4,112.23,620,14,32.29,1,63,0.061,53.32
NSB00814,35,Karyawan,10.32,123.59,522,6,29.8,1,23,0.336,21.14
NSB00815,51,Karyawan,10.95,131.0,694,11,43.34,2,20,0.224,50.9
NSB00816,53,Karyawan,12.69,152.93,578,4,24.68,1,32,0.278,36.47
NSB00817,50,Karyawan,20.33,242.51,687,3,60.09,2,48,0.35,67.42
NSB00818,25,Profesional,5.81,69.58,609,7,9.89,1,43,0.06,32.97
NSB00819,36,Wiraswasta,10.69,128.74,665,9,24.52,2,49,0.31,30.13
NSB00820,54,Karyawan,5.52,66.01,604,11,4.89,1,23,0.336,18.76
NSB00821,59,Profesional,21.46,257.9,674,4,6.79,1,34,0.364,63.85
NSB00822,31,PNS,4.0,48.0,514,8,0.6,2,13,0.309,11.48
NSB00823,39,PNS,11.12,133.25,582,1,19.18,2,24,0.192,33.57
NSB00824,60,Karyawan,8.24,98.18,689,14,5.81,2,30,0.47,21.6
NSB00825,27,Karyawan,7.6,91.21,724,8,19.86,2,42,0.296,27.08
NSB00826,61,Profesional,14.72,176.26,657,0,48.8,2,52,0.333,67.77
NSB00827,38,Karyawan,13.4,160.97,603,5,22.98,4,30,0.512,40.11
NSB00828,52,Karyawan,6.25,74.56,577,0,21.53,2,22,0.142,23.98
NSB00829,41,Karyawan,12.94,155.6,631,0,40.58,3,39,0.237,39.73
NSB00830,39,Profesional,11.82,142.21,580,8,29.39,3,41,0.386,43.49
NSB00831,38,Karyawan,6.96,83.98,673,0,25.87,3,38,0.314,26.48
NSB00832,23,Karyawan,4.83,57.85,742,6,18.71,2,12,0.279,25.77
NSB00833,62,PNS,15.29,182.96,602,0,6.18,3,26,0.387,33.41
NSB00834,55,Karyawan,14.56,175.34,516,4,32.94,3,48,0.194,44.56
NSB00835,62,Karyawan,13.29,158.81,583,0,51.61,1,44,0.272,39.22
NSB00836,46,Profesional,7.78,93.04,604,0,29.79,2,23,0.295,22.87
NSB00837,64,PNS,18.95,227.11,636,10,19.32,3,43,0.184,77.04
NSB00838,25,Karyawan,59.35,708.94,813,8,154.65,5,89,0.325,300.86
NSB00839,37,PNS,11.05,133.36,685,2,21.02,3,39,0.304,29.82
NSB00840,47,Karyawan,13.35,160.81,605,8,22.16,2,24,0.078,55.01
NSB00841,43,Karyawan,6.69,79.58,699,6,21.26,1,29,0.361,18.0
NSB00842,22,Wiraswasta,6.71,79.83,711,1,4.55,1,14,0.172,17.99
NSB00843,26,Karyawan,24.99,299.09,559,1,72.54,3,52,0.325,72.7
NSB00844,41,Profesional,32.56,391.49,682,10,65.52,3,49,0.294,138.03
NSB00845,58,Wiraswasta,8.93,107.45,646,7,26.91,2,23,0.197,35.03
NSB00846,48,Karyawan,7.24,87.37,698,1,13.09,2,30,0.238,35.3
NSB00847,34,Karyawan,6.31,75.81,600,25,14.18,1,18,0.157,32.13
NSB00848,57,Wiraswasta,7.4,88.42,603,2,30.78,1,14,0.346,10.47
NSB00849,61,Wiraswasta,10.39,124.89,585,1,28.19,1,35,0.382,27.15
NSB00850,34,Profesional,5.32,63.54,588,9,19.46,1,17,0.371,21.22
NSB00851,62,PNS,7.01,83.84,624,7,24.28,2,43,0.252,29.36
NSB00852,32,Wiraswasta,16.42,195.77,681,2,43.34,3,52,0.136,61.69
NSB00853,47,Karyawan,9.25,110.6,657,1,0.36,2,40,0.249,23.24
NSB00854,36,Karyawan,6.73,80.56,734,15,22.08,1,11,0.197,39.02
NSB00855,53,Karyawan,5.5,65.85,634,17,10.62,2,35,0.396,23.57
NSB00856,24,Profesional,17.45,210.88,652,3,54.83,3,31,0.257,74.18
NSB00857,24,Karyawan,5.86,70.35,672,10,14.12,2,39,0.14,31.81
NSB00858,62,Wiraswasta,9.33,112.12,740,13,7.81,2,20,0.334,35.87
NSB00859,29,Karyawan,16.82,201.97,616,11,30.91,3,37,0.172,65.28
NSB00860,60,PNS,13.26,160.13,643,5,8.14,1,39,0.265,37.97
NSB00861,51,Karyawan,11.67,139.51,572,1,39.58,2,27,0.429,21.52
NSB00862,48,Profesional,11.72,141.06,646,0,21.11,2,29,0.44,32.14
NSB00863,53,Profesional,6.15,73.55,526,0,22.95,2,30,0.283,19.02
NSB00864,25,Karyawan,6.92,82.99,559,4,6.5,1,24,0.177,21.12
NSB00865,24,Karyawan,7.9,94.99,686,23,13.09,1,30,0.259,48.22
NSB00866,25,Karyawan,4.0,47.74,558,4,3.03,3,32,0.311,8.59
NSB00867,22,PNS,8.1,97.05,637,1,5.35,2,16,0.372,20.43
NSB00868,63,Karyawan,9.54,114.48,584,4,10.35,2,57,0.209,29.65
NSB00869,41,Karyawan,9.62,115.67,526,12,1.2,1,41,0.417,16.0
NSB00870,27,Wiraswasta,9.42,112.94,578,0,10.25,1,34,0.237,25.59
NSB00871,35,PNS,11.16,135.43,686,1,29.28,2,25,0.256,43.16
NSB00872,28,PNS,11.55,139.64,666,7,27.77,2,44,0.23,40.56
NSB00873,61,PNS,23.38,278.09,681,1,15.69,5,46,0.241,83.34
NSB00874,56,Wiraswasta,10.89,130.74,470,1,3.66,2,33,0.49,3.0
NSB00875,22,Karyawan,15.63,187.98,614,4,11.05,3,37,0.405,40.67
NSB00876,35,Wiraswasta,7.4,88.92,675,9,21.61,4,38,0.259,30.83
NSB00877,50,Wiraswasta,11.91,143.71,633,8,13.14,1,49,0.372,32.43
NSB00878,40,Karyawan,11.71,138.91,672,1,38.97,2,29,0.216,33.31
NSB00879,31,PNS,8.96,107.06,652,2,19.93,1,43,0.119,28.68
NSB00880,40,Wiraswasta,4.17,50.35,580,1,12.25,1,29,0.339,3.0
NSB00881,40,Karyawan,5.03,60.65,688,8,12.95,1,15,0.569,3.0
NSB00882,52,PNS,12.74,154.28,754,15,39.2,2,59,0.277,56.3
NSB00883,46,Wiraswasta,9.83,118.74,674,4,23.43,1,37,0.274,29.52
NSB00884,42,Wiraswasta,8.9,106.25,654,0,13.76,1,12,0.149,28.31
NSB00885,49,Karyawan,7.11,85.67,553,2,1.65,1,23,0.164,13.85
NSB00886,57,Karyawan,10.6,127.06,633,1,1.01,1,20,0.296,24.62
NSB00887,26,Karyawan,13.61,163.46,646,1,27.27,4,31,0.284,43.83
NSB00888,43,Karyawan,26.53,318.43,607,3,92.53,5,45,0.258,97.16
NSB00889,55,Karyawan,10.07,120.61,632,10,5.98,2,32,0.263,40.14
NSB00890,34,Profesional,9.27,111.02,606,8,28.59,2,33,0.285,30.88
NSB00891,60,Karyawan,11.7,140.84,718,9,26.5,1,38,0.317,47.72
NSB00892,30,Karyawan,18.6,222.71,593,4,73.95,4,45,0.378,55.78
NSB00893,23,PNS,33.66,404.27,706,9,122.04,3,54,0.389,145.25
NSB00894,55,PNS,13.63,163.88,634,3,13.0,1,48,0.346,30.95
NSB00895,55,Karyawan,4.84,57.96,639,0,16.51,2,20,0.187,17.2
NSB00896,31,Profesional,10.35,124.06,624,2,40.11,1,34,0.112,42.61
NSB00897,65,Karyawan,5.67,68.35,580,6,6.95,1,37,0.423,5.91
NSB00898,48,Karyawan,6.21,74.01,638,4,14.66,4,46,0.357,24.25
NSB00899,23,Profesional,26.15,312.96,829,23,91.07,4,42,0.341,133.04
NSB00900,48,Wiraswasta,8.55,102.05,649,2,21.35,3,29,0.191,35.26
